Workbook

Sheet Read me
B1: Budget planning workbook
B4: How to use
B5: 1. Set the plan year on the Summary tab. Every year label in the workbook follows it.
B6: 2. On each function tab, list every line item: category, activity, vendor, last year's budget and actual,
B7: and next year's budget. Variance and totals calculate.
B8: 3. The Summary rolls every function up, adds adjustments made outside the function tabs and lists
B9: net-new headcount. Its chart updates with the numbers.
B10: 4. To add a function, copy a function tab, rename it and add a row to the Summary that points to its total.
B12: Reading the numbers
B13: Variance is next year's budget minus last year's: ▲ is an increase, ▼ a decrease.
B14: Categories come from the Lists tab; type a new one if nothing fits, then add it to the list.
B16: Cell styles
... B19: All names and numbers in this template are examples. Replace them with your own.
B21: Example input cell | C21: Example calculated cell

Sheet Summary
B1: Budget summary
B4: The plan for every function on one page. It fills in from the function tabs. Blue text on white is yours to fill in. Light-blue cells calculate; leave them as they are.
B6: Plan year | C6: 2027 | D6: Change it and every year label in the workbook follows.
B8: Budget by function
B9: Function | C9: =$C$6-1&" budget" | D9: =$C$6&" budget" | E9: Variance $ | F9: Variance %
B10: Digital Marketing | C10: ='Digital Marketing'!E39 | D10: ='Digital Marketing'!G39 | E10: =D10-C10 | F10: =IF(C10=0,"",E10/C10)
B11: Creative | C11: =Creative!E39 | D11: =Creative!G39 | E11: =D11-C11 | F11: =IF(C11=0,"",E11/C11)
B12: Content | C12: =Content!E39 | D12: =Content!G39 | E12: =D12-C12 | F12: =IF(C12=0,"",E12/C12)
B13: Events | C13: =Events!E39 | D13: =Events!G39 | E13: =D13-C13 | F13: =IF(C13=0,"",E13/C13)
B14: Customer Advocacy | C14: ='Customer Advocacy'!E39 | D14: ='Customer Advocacy'!G39 | E14: =D14-C14 | F14: =IF(C14=0,"",E14/C14)
B15: Public Relations | C15: ='Public Relations'!E39 | D15: ='Public Relations'!G39 | E15: =D15-C15 | F15: =IF(C15=0,"",E15/C15)
B16: Technology | C16: =Technology!E39 | D16: =Technology!G39 | E16: =D16-C16 | F16: =IF(C16=0,"",E16/C16)
B17: Total | C17: =SUM(C10:C16) | D17: =SUM(D10:D16) | E17: =D17-C17 | F17: =IF(C17=0,"",E17/C17)
B19: Adjustments outside the function tabs
B20: Adjustment | C20: Amount | D20: Notes
B21: Spend moved in from another team | C21: 25000 | D21: Reviews program moves to this budget.
B22: Incremental program spend | C22: 60000 | D22: Approved separately for growth markets.
B24: Plan total with adjustments | C24: =D17+SUM(C21:C23)
B26: Net-new headcount
B27: Role | C27: Function | D27: Start date | E27: Annual cost | F27: Status
B28: Graphic designer | C28: Creative | D28: 46391 | E28: 95000 | F28: Approved
B29: Events coordinator | C29: Events | D29: 46478 | E29: 82000 | F29: Requested
B31: Headcount total | C31: =COUNTA(B28:B30)&" roles" | E31: =SUM(E28:E30)
B34: Chart title
B35: Budget by function

Sheet Digital Marketing
B1: Digital Marketing · budget
B4: Every line item for this function. Blue text on white is yours to fill in. Light-blue cells calculate; leave them as they are.
B6: All values in USD. Years follow the plan year on the Summary tab.
B8: Category | C8: Activity | D8: Vendor or partner | E8: =Summary!$C$6-1&" budget" | F8: =Summary!$C$6-1&" actual" | G8: =Summary!$C$6&" budget" | H8: Variance $ | I8: Variance % | J8: Notes and assumptions
B9: Agency & services | C9: Web and digital agency retainer | D9: Digital agency | E9: 180000 | F9: 176400 | G9: 192000 | H9: =IF(AND(E9="",G9=""),"",N(G9)-N(E9)) | I9: =IF(OR(N(E9)=0,G9=""),"",H9/E9) | J9: Adds 10 retainer hours a month at the current rate.
B10: Paid media | C10: Search ads | D10: Search ads platform | E10: 216000 | F10: 223500 | G10: 240000 | H10: =IF(AND(E10="",G10=""),"",N(G10)-N(E10)) | I10: =IF(OR(N(E10)=0,G10=""),"",H10/E10) | J10: Raises monthly spend to defend branded search terms.
B11: Paid media | C11: Social ads | D11: Professional network ads | E11: 150000 | F11: 141200 | G11: 150000 | H11: =IF(AND(E11="",G11=""),"",N(G11)-N(E11)) | I11: =IF(OR(N(E11)=0,G11=""),"",H11/E11)
B12: Paid media | C12: Display and retargeting | D12: Programmatic partner | E12: 60000 | F12: 58300 | G12: 54000 | H12: =IF(AND(E12="",G12=""),"",N(G12)-N(E12)) | I12: =IF(OR(N(E12)=0,G12=""),"",H12/E12) | J12: Moves part of this into search.
H13: =IF(AND(E13="",G13=""),"",N(G13)-N(E13)) | I13: =IF(OR(N(E13)=0,G13=""),"",H13/E13)
H14: =IF(AND(E14="",G14=""),"",N(G14)-N(E14)) | I14: =IF(OR(N(E14)=0,G14=""),"",H14/E14)
H15: =IF(AND(E15="",G15=""),"",N(G15)-N(E15)) | I15: =IF(OR(N(E15)=0,G15=""),"",H15/E15)
H16: =IF(AND(E16="",G16=""),"",N(G16)-N(E16)) | I16: =IF(OR(N(E16)=0,G16=""),"",H16/E16)
H17: =IF(AND(E17="",G17=""),"",N(G17)-N(E17)) | I17: =IF(OR(N(E17)=0,G17=""),"",H17/E17)
H18: =IF(AND(E18="",G18=""),"",N(G18)-N(E18)) | I18: =IF(OR(N(E18)=0,G18=""),"",H18/E18)
H19: =IF(AND(E19="",G19=""),"",N(G19)-N(E19)) | I19: =IF(OR(N(E19)=0,G19=""),"",H19/E19)
H20: =IF(AND(E20="",G20=""),"",N(G20)-N(E20)) | I20: =IF(OR(N(E20)=0,G20=""),"",H20/E20)
H21: =IF(AND(E21="",G21=""),"",N(G21)-N(E21)) | I21: =IF(OR(N(E21)=0,G21=""),"",H21/E21)
H22: =IF(AND(E22="",G22=""),"",N(G22)-N(E22)) | I22: =IF(OR(N(E22)=0,G22=""),"",H22/E22)
H23: =IF(AND(E23="",G23=""),"",N(G23)-N(E23)) | I23: =IF(OR(N(E23)=0,G23=""),"",H23/E23)
H24: =IF(AND(E24="",G24=""),"",N(G24)-N(E24)) | I24: =IF(OR(N(E24)=0,G24=""),"",H24/E24)
... H38: =IF(AND(E38="",G38=""),"",N(G38)-N(E38)) | I38: =IF(OR(N(E38)=0,G38=""),"",H38/E38)
B39: Digital Marketing total | E39: =SUM(E9:E38) | F39: =SUM(F9:F38) | G39: =SUM(G9:G38) | H39: =G39-E39 | I39: =IF(E39=0,"",H39/E39)

Sheet Creative
B1: Creative · budget
B4: Every line item for this function. Blue text on white is yours to fill in. Light-blue cells calculate; leave them as they are.
B6: All values in USD. Years follow the plan year on the Summary tab.
B8: Category | C8: Activity | D8: Vendor or partner | E8: =Summary!$C$6-1&" budget" | F8: =Summary!$C$6-1&" actual" | G8: =Summary!$C$6&" budget" | H8: Variance $ | I8: Variance % | J8: Notes and assumptions
B9: Agency & services | C9: Design overflow support | D9: Freelance designers | E9: 90000 | F9: 84000 | G9: 96000 | H9: =IF(AND(E9="",G9=""),"",N(G9)-N(E9)) | I9: =IF(OR(N(E9)=0,G9=""),"",H9/E9)
B10: Content production | C10: Photography and stock | D10: Stock library | E10: 24000 | F10: 24000 | G10: 26000 | H10: =IF(AND(E10="",G10=""),"",N(G10)-N(E10)) | I10: =IF(OR(N(E10)=0,G10=""),"",H10/E10) | J10: Annual licence.
B11: Content production | C11: Motion and animation | D11: Motion studio | E11: 40000 | F11: 36500 | G11: 45000 | H11: =IF(AND(E11="",G11=""),"",N(G11)-N(E11)) | I11: =IF(OR(N(E11)=0,G11=""),"",H11/E11) | J11: Two product launch films.
H12: =IF(AND(E12="",G12=""),"",N(G12)-N(E12)) | I12: =IF(OR(N(E12)=0,G12=""),"",H12/E12)
H13: =IF(AND(E13="",G13=""),"",N(G13)-N(E13)) | I13: =IF(OR(N(E13)=0,G13=""),"",H13/E13)
H14: =IF(AND(E14="",G14=""),"",N(G14)-N(E14)) | I14: =IF(OR(N(E14)=0,G14=""),"",H14/E14)
H15: =IF(AND(E15="",G15=""),"",N(G15)-N(E15)) | I15: =IF(OR(N(E15)=0,G15=""),"",H15/E15)
H16: =IF(AND(E16="",G16=""),"",N(G16)-N(E16)) | I16: =IF(OR(N(E16)=0,G16=""),"",H16/E16)
H17: =IF(AND(E17="",G17=""),"",N(G17)-N(E17)) | I17: =IF(OR(N(E17)=0,G17=""),"",H17/E17)
H18: =IF(AND(E18="",G18=""),"",N(G18)-N(E18)) | I18: =IF(OR(N(E18)=0,G18=""),"",H18/E18)
H19: =IF(AND(E19="",G19=""),"",N(G19)-N(E19)) | I19: =IF(OR(N(E19)=0,G19=""),"",H19/E19)
H20: =IF(AND(E20="",G20=""),"",N(G20)-N(E20)) | I20: =IF(OR(N(E20)=0,G20=""),"",H20/E20)
H21: =IF(AND(E21="",G21=""),"",N(G21)-N(E21)) | I21: =IF(OR(N(E21)=0,G21=""),"",H21/E21)
H22: =IF(AND(E22="",G22=""),"",N(G22)-N(E22)) | I22: =IF(OR(N(E22)=0,G22=""),"",H22/E22)
H23: =IF(AND(E23="",G23=""),"",N(G23)-N(E23)) | I23: =IF(OR(N(E23)=0,G23=""),"",H23/E23)
... H38: =IF(AND(E38="",G38=""),"",N(G38)-N(E38)) | I38: =IF(OR(N(E38)=0,G38=""),"",H38/E38)
B39: Creative total | E39: =SUM(E9:E38) | F39: =SUM(F9:F38) | G39: =SUM(G9:G38) | H39: =G39-E39 | I39: =IF(E39=0,"",H39/E39)

Sheet Content
B1: Content · budget
B4: Every line item for this function. Blue text on white is yours to fill in. Light-blue cells calculate; leave them as they are.
B6: All values in USD. Years follow the plan year on the Summary tab.
B8: Category | C8: Activity | D8: Vendor or partner | E8: =Summary!$C$6-1&" budget" | F8: =Summary!$C$6-1&" actual" | G8: =Summary!$C$6&" budget" | H8: Variance $ | I8: Variance % | J8: Notes and assumptions
B9: Agency & services | C9: Writing support | D9: Content agency | E9: 72000 | F9: 70000 | G9: 78000 | H9: =IF(AND(E9="",G9=""),"",N(G9)-N(E9)) | I9: =IF(OR(N(E9)=0,G9=""),"",H9/E9)
B10: Research & analyst | C10: Industry research report | D10: Research partner | E10: 55000 | F10: 55000 | G10: 60000 | H10: =IF(AND(E10="",G10=""),"",N(G10)-N(E10)) | I10: =IF(OR(N(E10)=0,G10=""),"",H10/E10) | J10: One flagship report a year.
B11: Content production | C11: Translation and localization | D11: Translation vendor | E11: 30000 | F11: 27800 | G11: 36000 | H11: =IF(AND(E11="",G11=""),"",N(G11)-N(E11)) | I11: =IF(OR(N(E11)=0,G11=""),"",H11/E11) | J11: Adds two languages.
H12: =IF(AND(E12="",G12=""),"",N(G12)-N(E12)) | I12: =IF(OR(N(E12)=0,G12=""),"",H12/E12)
H13: =IF(AND(E13="",G13=""),"",N(G13)-N(E13)) | I13: =IF(OR(N(E13)=0,G13=""),"",H13/E13)
H14: =IF(AND(E14="",G14=""),"",N(G14)-N(E14)) | I14: =IF(OR(N(E14)=0,G14=""),"",H14/E14)
H15: =IF(AND(E15="",G15=""),"",N(G15)-N(E15)) | I15: =IF(OR(N(E15)=0,G15=""),"",H15/E15)
H16: =IF(AND(E16="",G16=""),"",N(G16)-N(E16)) | I16: =IF(OR(N(E16)=0,G16=""),"",H16/E16)
H17: =IF(AND(E17="",G17=""),"",N(G17)-N(E17)) | I17: =IF(OR(N(E17)=0,G17=""),"",H17/E17)
H18: =IF(AND(E18="",G18=""),"",N(G18)-N(E18)) | I18: =IF(OR(N(E18)=0,G18=""),"",H18/E18)
H19: =IF(AND(E19="",G19=""),"",N(G19)-N(E19)) | I19: =IF(OR(N(E19)=0,G19=""),"",H19/E19)
H20: =IF(AND(E20="",G20=""),"",N(G20)-N(E20)) | I20: =IF(OR(N(E20)=0,G20=""),"",H20/E20)
H21: =IF(AND(E21="",G21=""),"",N(G21)-N(E21)) | I21: =IF(OR(N(E21)=0,G21=""),"",H21/E21)
H22: =IF(AND(E22="",G22=""),"",N(G22)-N(E22)) | I22: =IF(OR(N(E22)=0,G22=""),"",H22/E22)
H23: =IF(AND(E23="",G23=""),"",N(G23)-N(E23)) | I23: =IF(OR(N(E23)=0,G23=""),"",H23/E23)
... H38: =IF(AND(E38="",G38=""),"",N(G38)-N(E38)) | I38: =IF(OR(N(E38)=0,G38=""),"",H38/E38)
B39: Content total | E39: =SUM(E9:E38) | F39: =SUM(F9:F38) | G39: =SUM(G9:G38) | H39: =G39-E39 | I39: =IF(E39=0,"",H39/E39)

Sheet Events
B1: Events · budget
B4: Every line item for this function. Blue text on white is yours to fill in. Light-blue cells calculate; leave them as they are.
B6: All values in USD. Years follow the plan year on the Summary tab.
B8: Category | C8: Activity | D8: Vendor or partner | E8: =Summary!$C$6-1&" budget" | F8: =Summary!$C$6-1&" actual" | G8: =Summary!$C$6&" budget" | H8: Variance $ | I8: Variance % | J8: Notes and assumptions
B9: Events | C9: Customer conference, North America | D9: Various | E9: 650000 | F9: 671200 | G9: 690000 | H9: =IF(AND(E9="",G9=""),"",N(G9)-N(E9)) | I9: =IF(OR(N(E9)=0,G9=""),"",H9/E9) | J9: Venue and AV rates up about 6%.
B10: Events | C10: Customer conference, EMEA | D10: Various | E10: 320000 | F10: 301500 | G10: 335000 | H10: =IF(AND(E10="",G10=""),"",N(G10)-N(E10)) | I10: =IF(OR(N(E10)=0,G10=""),"",H10/E10)
B11: Events | C11: Customer conference, APAC | D11: Various | E11: 210000 | F11: 204300 | G11: 220000 | H11: =IF(AND(E11="",G11=""),"",N(G11)-N(E11)) | I11: =IF(OR(N(E11)=0,G11=""),"",H11/E11)
B12: Events | C12: Industry tradeshows | D12: Various | E12: 180000 | F12: 172000 | G12: 180000 | H12: =IF(AND(E12="",G12=""),"",N(G12)-N(E12)) | I12: =IF(OR(N(E12)=0,G12=""),"",H12/E12) | J12: Six shows, same as this year.
B13: Promo & gifting | C13: Event giveaways | D13: Promo supplier | E13: 35000 | F13: 38900 | G13: 36000 | H13: =IF(AND(E13="",G13=""),"",N(G13)-N(E13)) | I13: =IF(OR(N(E13)=0,G13=""),"",H13/E13)
H14: =IF(AND(E14="",G14=""),"",N(G14)-N(E14)) | I14: =IF(OR(N(E14)=0,G14=""),"",H14/E14)
H15: =IF(AND(E15="",G15=""),"",N(G15)-N(E15)) | I15: =IF(OR(N(E15)=0,G15=""),"",H15/E15)
H16: =IF(AND(E16="",G16=""),"",N(G16)-N(E16)) | I16: =IF(OR(N(E16)=0,G16=""),"",H16/E16)
H17: =IF(AND(E17="",G17=""),"",N(G17)-N(E17)) | I17: =IF(OR(N(E17)=0,G17=""),"",H17/E17)
H18: =IF(AND(E18="",G18=""),"",N(G18)-N(E18)) | I18: =IF(OR(N(E18)=0,G18=""),"",H18/E18)
H19: =IF(AND(E19="",G19=""),"",N(G19)-N(E19)) | I19: =IF(OR(N(E19)=0,G19=""),"",H19/E19)
H20: =IF(AND(E20="",G20=""),"",N(G20)-N(E20)) | I20: =IF(OR(N(E20)=0,G20=""),"",H20/E20)
H21: =IF(AND(E21="",G21=""),"",N(G21)-N(E21)) | I21: =IF(OR(N(E21)=0,G21=""),"",H21/E21)
H22: =IF(AND(E22="",G22=""),"",N(G22)-N(E22)) | I22: =IF(OR(N(E22)=0,G22=""),"",H22/E22)
H23: =IF(AND(E23="",G23=""),"",N(G23)-N(E23)) | I23: =IF(OR(N(E23)=0,G23=""),"",H23/E23)
H24: =IF(AND(E24="",G24=""),"",N(G24)-N(E24)) | I24: =IF(OR(N(E24)=0,G24=""),"",H24/E24)
H25: =IF(AND(E25="",G25=""),"",N(G25)-N(E25)) | I25: =IF(OR(N(E25)=0,G25=""),"",H25/E25)
... H38: =IF(AND(E38="",G38=""),"",N(G38)-N(E38)) | I38: =IF(OR(N(E38)=0,G38=""),"",H38/E38)
B39: Events total | E39: =SUM(E9:E38) | F39: =SUM(F9:F38) | G39: =SUM(G9:G38) | H39: =G39-E39 | I39: =IF(E39=0,"",H39/E39)

Sheet Customer Advocacy
B1: Customer Advocacy · budget
B4: Every line item for this function. Blue text on white is yours to fill in. Light-blue cells calculate; leave them as they are.
B6: All values in USD. Years follow the plan year on the Summary tab.
B8: Category | C8: Activity | D8: Vendor or partner | E8: =Summary!$C$6-1&" budget" | F8: =Summary!$C$6-1&" actual" | G8: =Summary!$C$6&" budget" | H8: Variance $ | I8: Variance % | J8: Notes and assumptions
B9: Agency & services | C9: Customer video stories | D9: Video production partner | E9: 85000 | F9: 80000 | G9: 90000 | H9: =IF(AND(E9="",G9=""),"",N(G9)-N(E9)) | I9: =IF(OR(N(E9)=0,G9=""),"",H9/E9) | J9: One video per region.
B10: Customer events | C10: Advisory board dinners | D10: Various | E10: 40000 | F10: 36000 | G10: 48000 | H10: =IF(AND(E10="",G10=""),"",N(G10)-N(E10)) | I10: =IF(OR(N(E10)=0,G10=""),"",H10/E10) | J10: Four dinners: two North America, one EMEA, one APAC.
B11: Customer events | C11: User group meetups | D11: Various | E11: 25000 | F11: 21000 | G11: 30000 | H11: =IF(AND(E11="",G11=""),"",N(G11)-N(E11)) | I11: =IF(OR(N(E11)=0,G11=""),"",H11/E11)
B12: Promo & gifting | C12: Advocate rewards | D12: Gifting platform | E12: 18000 | F12: 16400 | G12: 20000 | H12: =IF(AND(E12="",G12=""),"",N(G12)-N(E12)) | I12: =IF(OR(N(E12)=0,G12=""),"",H12/E12)
B13: Technology & software | C13: Reference management platform | D13: Advocacy platform | E13: 32000 | F13: 32000 | G13: 33600 | H13: =IF(AND(E13="",G13=""),"",N(G13)-N(E13)) | I13: =IF(OR(N(E13)=0,G13=""),"",H13/E13) | J13: 3% renewal uplift.
H14: =IF(AND(E14="",G14=""),"",N(G14)-N(E14)) | I14: =IF(OR(N(E14)=0,G14=""),"",H14/E14)
H15: =IF(AND(E15="",G15=""),"",N(G15)-N(E15)) | I15: =IF(OR(N(E15)=0,G15=""),"",H15/E15)
H16: =IF(AND(E16="",G16=""),"",N(G16)-N(E16)) | I16: =IF(OR(N(E16)=0,G16=""),"",H16/E16)
H17: =IF(AND(E17="",G17=""),"",N(G17)-N(E17)) | I17: =IF(OR(N(E17)=0,G17=""),"",H17/E17)
H18: =IF(AND(E18="",G18=""),"",N(G18)-N(E18)) | I18: =IF(OR(N(E18)=0,G18=""),"",H18/E18)
H19: =IF(AND(E19="",G19=""),"",N(G19)-N(E19)) | I19: =IF(OR(N(E19)=0,G19=""),"",H19/E19)
H20: =IF(AND(E20="",G20=""),"",N(G20)-N(E20)) | I20: =IF(OR(N(E20)=0,G20=""),"",H20/E20)
H21: =IF(AND(E21="",G21=""),"",N(G21)-N(E21)) | I21: =IF(OR(N(E21)=0,G21=""),"",H21/E21)
H22: =IF(AND(E22="",G22=""),"",N(G22)-N(E22)) | I22: =IF(OR(N(E22)=0,G22=""),"",H22/E22)
H23: =IF(AND(E23="",G23=""),"",N(G23)-N(E23)) | I23: =IF(OR(N(E23)=0,G23=""),"",H23/E23)
H24: =IF(AND(E24="",G24=""),"",N(G24)-N(E24)) | I24: =IF(OR(N(E24)=0,G24=""),"",H24/E24)
H25: =IF(AND(E25="",G25=""),"",N(G25)-N(E25)) | I25: =IF(OR(N(E25)=0,G25=""),"",H25/E25)
... H38: =IF(AND(E38="",G38=""),"",N(G38)-N(E38)) | I38: =IF(OR(N(E38)=0,G38=""),"",H38/E38)
B39: Customer Advocacy total | E39: =SUM(E9:E38) | F39: =SUM(F9:F38) | G39: =SUM(G9:G38) | H39: =G39-E39 | I39: =IF(E39=0,"",H39/E39)

Sheet Public Relations
B1: Public Relations · budget
B4: Every line item for this function. Blue text on white is yours to fill in. Light-blue cells calculate; leave them as they are.
B6: All values in USD. Years follow the plan year on the Summary tab.
B8: Category | C8: Activity | D8: Vendor or partner | E8: =Summary!$C$6-1&" budget" | F8: =Summary!$C$6-1&" actual" | G8: =Summary!$C$6&" budget" | H8: Variance $ | I8: Variance % | J8: Notes and assumptions
B9: Agency & services | C9: PR agency retainer, global | D9: PR agency | E9: 240000 | F9: 240000 | G9: 252000 | H9: =IF(AND(E9="",G9=""),"",N(G9)-N(E9)) | I9: =IF(OR(N(E9)=0,G9=""),"",H9/E9)
B10: Agency & services | C10: Media monitoring | D10: Monitoring service | E10: 22000 | F10: 22000 | G10: 23000 | H10: =IF(AND(E10="",G10=""),"",N(G10)-N(E10)) | I10: =IF(OR(N(E10)=0,G10=""),"",H10/E10)
B11: Research & analyst | C11: Analyst relations program | D11: Analyst firm | E11: 95000 | F11: 95000 | G11: 98000 | H11: =IF(AND(E11="",G11=""),"",N(G11)-N(E11)) | I11: =IF(OR(N(E11)=0,G11=""),"",H11/E11)
B12: Agency & services | C12: Award entries | D12: Various | E12: 8000 | F12: 6500 | G12: 10000 | H12: =IF(AND(E12="",G12=""),"",N(G12)-N(E12)) | I12: =IF(OR(N(E12)=0,G12=""),"",H12/E12)
H13: =IF(AND(E13="",G13=""),"",N(G13)-N(E13)) | I13: =IF(OR(N(E13)=0,G13=""),"",H13/E13)
H14: =IF(AND(E14="",G14=""),"",N(G14)-N(E14)) | I14: =IF(OR(N(E14)=0,G14=""),"",H14/E14)
H15: =IF(AND(E15="",G15=""),"",N(G15)-N(E15)) | I15: =IF(OR(N(E15)=0,G15=""),"",H15/E15)
H16: =IF(AND(E16="",G16=""),"",N(G16)-N(E16)) | I16: =IF(OR(N(E16)=0,G16=""),"",H16/E16)
H17: =IF(AND(E17="",G17=""),"",N(G17)-N(E17)) | I17: =IF(OR(N(E17)=0,G17=""),"",H17/E17)
H18: =IF(AND(E18="",G18=""),"",N(G18)-N(E18)) | I18: =IF(OR(N(E18)=0,G18=""),"",H18/E18)
H19: =IF(AND(E19="",G19=""),"",N(G19)-N(E19)) | I19: =IF(OR(N(E19)=0,G19=""),"",H19/E19)
H20: =IF(AND(E20="",G20=""),"",N(G20)-N(E20)) | I20: =IF(OR(N(E20)=0,G20=""),"",H20/E20)
H21: =IF(AND(E21="",G21=""),"",N(G21)-N(E21)) | I21: =IF(OR(N(E21)=0,G21=""),"",H21/E21)
H22: =IF(AND(E22="",G22=""),"",N(G22)-N(E22)) | I22: =IF(OR(N(E22)=0,G22=""),"",H22/E22)
H23: =IF(AND(E23="",G23=""),"",N(G23)-N(E23)) | I23: =IF(OR(N(E23)=0,G23=""),"",H23/E23)
H24: =IF(AND(E24="",G24=""),"",N(G24)-N(E24)) | I24: =IF(OR(N(E24)=0,G24=""),"",H24/E24)
... H38: =IF(AND(E38="",G38=""),"",N(G38)-N(E38)) | I38: =IF(OR(N(E38)=0,G38=""),"",H38/E38)
B39: Public Relations total | E39: =SUM(E9:E38) | F39: =SUM(F9:F38) | G39: =SUM(G9:G38) | H39: =G39-E39 | I39: =IF(E39=0,"",H39/E39)

Sheet Technology
B1: Technology · budget
B4: Every line item for this function. Blue text on white is yours to fill in. Light-blue cells calculate; leave them as they are.
B6: All values in USD. Years follow the plan year on the Summary tab.
B8: Category | C8: Activity | D8: Vendor or partner | E8: =Summary!$C$6-1&" budget" | F8: =Summary!$C$6-1&" actual" | G8: =Summary!$C$6&" budget" | H8: Variance $ | I8: Variance % | J8: Notes and assumptions
B9: Technology & software | C9: Website hosting | D9: Managed host | E9: 36000 | F9: 36000 | G9: 38000 | H9: =IF(AND(E9="",G9=""),"",N(G9)-N(E9)) | I9: =IF(OR(N(E9)=0,G9=""),"",H9/E9)
B10: Technology & software | C10: Content management system | D10: CMS vendor | E10: 48000 | F10: 48000 | G10: 50000 | H10: =IF(AND(E10="",G10=""),"",N(G10)-N(E10)) | I10: =IF(OR(N(E10)=0,G10=""),"",H10/E10)
B11: Technology & software | C11: SEO and analytics suite | D11: SEO platform | E11: 30000 | F11: 30000 | G11: 31500 | H11: =IF(AND(E11="",G11=""),"",N(G11)-N(E11)) | I11: =IF(OR(N(E11)=0,G11=""),"",H11/E11)
B12: Technology & software | C12: Social media management | D12: Social platform | E12: 24000 | F12: 24000 | G12: 25200 | H12: =IF(AND(E12="",G12=""),"",N(G12)-N(E12)) | I12: =IF(OR(N(E12)=0,G12=""),"",H12/E12)
B13: Technology & software | C13: Design software seats | D13: Design suite | E13: 18000 | F13: 19200 | G13: 21000 | H13: =IF(AND(E13="",G13=""),"",N(G13)-N(E13)) | I13: =IF(OR(N(E13)=0,G13=""),"",H13/E13) | J13: Adds two seats.
B14: Technology & software | C14: Digital asset management | D14: DAM vendor | E14: 40000 | F14: 40000 | G14: 42000 | H14: =IF(AND(E14="",G14=""),"",N(G14)-N(E14)) | I14: =IF(OR(N(E14)=0,G14=""),"",H14/E14)
B15: Technology & software | C15: Video hosting | D15: Video platform | E15: 15000 | F15: 15000 | G15: 15000 | H15: =IF(AND(E15="",G15=""),"",N(G15)-N(E15)) | I15: =IF(OR(N(E15)=0,G15=""),"",H15/E15)
H16: =IF(AND(E16="",G16=""),"",N(G16)-N(E16)) | I16: =IF(OR(N(E16)=0,G16=""),"",H16/E16)
H17: =IF(AND(E17="",G17=""),"",N(G17)-N(E17)) | I17: =IF(OR(N(E17)=0,G17=""),"",H17/E17)
H18: =IF(AND(E18="",G18=""),"",N(G18)-N(E18)) | I18: =IF(OR(N(E18)=0,G18=""),"",H18/E18)
H19: =IF(AND(E19="",G19=""),"",N(G19)-N(E19)) | I19: =IF(OR(N(E19)=0,G19=""),"",H19/E19)
H20: =IF(AND(E20="",G20=""),"",N(G20)-N(E20)) | I20: =IF(OR(N(E20)=0,G20=""),"",H20/E20)
H21: =IF(AND(E21="",G21=""),"",N(G21)-N(E21)) | I21: =IF(OR(N(E21)=0,G21=""),"",H21/E21)
H22: =IF(AND(E22="",G22=""),"",N(G22)-N(E22)) | I22: =IF(OR(N(E22)=0,G22=""),"",H22/E22)
H23: =IF(AND(E23="",G23=""),"",N(G23)-N(E23)) | I23: =IF(OR(N(E23)=0,G23=""),"",H23/E23)
H24: =IF(AND(E24="",G24=""),"",N(G24)-N(E24)) | I24: =IF(OR(N(E24)=0,G24=""),"",H24/E24)
H25: =IF(AND(E25="",G25=""),"",N(G25)-N(E25)) | I25: =IF(OR(N(E25)=0,G25=""),"",H25/E25)
H26: =IF(AND(E26="",G26=""),"",N(G26)-N(E26)) | I26: =IF(OR(N(E26)=0,G26=""),"",H26/E26)
H27: =IF(AND(E27="",G27=""),"",N(G27)-N(E27)) | I27: =IF(OR(N(E27)=0,G27=""),"",H27/E27)
... H38: =IF(AND(E38="",G38=""),"",N(G38)-N(E38)) | I38: =IF(OR(N(E38)=0,G38=""),"",H38/E38)
B39: Technology total | E39: =SUM(E9:E38) | F39: =SUM(F9:F38) | G39: =SUM(G9:G38) | H39: =G39-E39 | I39: =IF(E39=0,"",H39/E39)

Sheet Lists
B1: Lists
B4: The choices behind the drop-downs. Add or rename items here.
B6: Budget category
B7: Agency & services
B8: Paid media
B9: Content production
B10: Events
B11: Customer events
B12: Promo & gifting
B13: Research & analyst
B14: Technology & software
B15: Travel
B16: Other
